LSOA code,LSOA name,LSOA IMD Score_y,LONG__y,LAT_y,Crime type,0
E01033631,Birmingham 079F,12.334,-1.9212,52.4577,Bicycle theft,173
E01009642,Coventry 031C,21.685,-1.51165,52.408,Bicycle theft,155
E01033562,Birmingham 087F,28.351,-1.94456,52.4525,Bicycle theft,66
E01033620,Birmingham 138A,27.122,-1.8997,52.4814,Bicycle theft,50
E01010521,Wolverhampton 020F,33.7,-2.12412,52.591,Bicycle theft,47
E01009178,Birmingham 104C,32.264,-1.89348,52.4349,Bicycle theft,28
E01009638,Coventry 024C,71.091,-1.5018,52.4133,Bicycle theft,26
E01009671,Coventry 042C,10.672,-1.55095,52.372,Bicycle theft,26
E01033615,Birmingham 135C,25.827,-1.89514,52.475,Bicycle theft,24
E01010192,Solihull 019A,8.595,-1.78594,52.4073,Bicycle theft,23
E01033561,Birmingham 050E,26.7,-1.88445,52.4845,Bicycle theft,22
E01010368,Walsall 030A,61.194,-1.98722,52.5903,Bicycle theft,21
E01009574,Coventry 015F,54.621,-1.50606,52.4159,Bicycle theft,21
E01009635,Coventry 028C,25.446,-1.49578,52.4068,Bicycle theft,19
E01032590,Solihull 030D,15.705,-1.83326,52.4153,Bicycle theft,18
E01009162,Birmingham 124A,29.026,-1.9876,52.4026,Bicycle theft,17
E01033627,Birmingham 137E,46.933,-1.91355,52.4799,Bicycle theft,14
E01010406,Walsall 027C,40.67,-2.05205,52.5775,Bicycle theft,13
E01010464,Wolverhampton 020B,56.706,-2.13921,52.5823,Bicycle theft,13
E01009661,Coventry 028D,32.784,-1.48641,52.4089,Bicycle theft,13
E01009548,Coventry 031A,16.26,-1.50403,52.4002,Bicycle theft,12
E01009575,Coventry 005B,37.729,-1.49578,52.4435,Bicycle theft,12
E01009188,Birmingham 092D,22.003,-1.88793,52.4388,Bicycle theft,12
E01033625,Birmingham 138D,13.687,-1.90486,52.4778,Bicycle theft,12
E01010125,Solihull 006A,57.96,-1.7367,52.4807,Bicycle theft,12
E01010564,Wolverhampton 012C,38.02,-2.08241,52.5951,Bicycle theft,12
E01033634,Birmingham 096G,15.544,-1.93014,52.4446,Bicycle theft,11
E01033617,Birmingham 050F,23.217,-1.89327,52.4853,Bicycle theft,11
E01009007,Birmingham 023D,48.366,-1.83908,52.5259,Bicycle theft,11
E01010414,Wolverhampton 027A,57.952,-2.06172,52.5654,Bicycle theft,10
E01009146,Birmingham 136B,41.792,-1.91365,52.4732,Bicycle theft,10
E01009712,Coventry 018C,21.432,-1.45532,52.4198,Bicycle theft,10
E01009553,Coventry 031B,27.253,-1.52066,52.4029,Bicycle theft,10
E01009615,Coventry 027A,18.453,-1.47946,52.4088,Bicycle theft,10
E01010508,Wolverhampton 017B,42.559,-2.13927,52.588,Bicycle theft,9
E01008992,Birmingham 079C,12.844,-1.93975,52.4622,Bicycle theft,9
E01009662,Coventry 016D,34.045,-1.48249,52.4274,Bicycle theft,9
E01009284,Birmingham 096A,21.191,-1.93872,52.442,Bicycle theft,9
E01009757,Dudley 006C,37.404,-2.07836,52.5185,Bicycle theft,9
E01010504,Wolverhampton 021D,10.826,-2.16257,52.5865,Bicycle theft,8
E01010450,Wolverhampton 029B,55.326,-2.08693,52.5677,Bicycle theft,8
E01033557,Birmingham 134B,20.868,-1.9087,52.4757,Bicycle theft,8
E01009101,Birmingham 029D,47.77,-1.79978,52.5131,Bicycle theft,8
E01010198,Solihull 019D,3.372,-1.77209,52.4083,Bicycle theft,8
E01009647,Coventry 017C,17.974,-1.52895,52.4137,Bicycle theft,8
E01033639,Birmingham 136D,49.896,-1.92261,52.4747,Bicycle theft,7
E01032530,Coventry 038F,16.519,-1.47826,52.3892,Bicycle theft,7
E01009385,Birmingham 092F,37.571,-1.88402,52.4473,Bicycle theft,7
E01010106,Sandwell 019D,43.577,-1.9972,52.5206,Bicycle theft,7
E01009641,Coventry 024F,29.572,-1.49724,52.4103,Bicycle theft,7
E01009689,Coventry 030B,19.737,-1.52511,52.4052,Bicycle theft,7
E01010369,Walsall 024D,52.658,-1.97384,52.5859,Bicycle theft,7
E01010209,Solihull 022D,12.83,-1.80716,52.3994,Bicycle theft,7
E01009572,Coventry 015D,44.338,-1.49547,52.4218,Bicycle theft,7
E01033640,Birmingham 134E,61.007,-1.89967,52.4697,Bicycle theft,6
E01010371,Walsall 030C,58.589,-1.98376,52.5809,Bicycle theft,6
E01009703,Coventry 025C,17.918,-1.59965,52.4075,Bicycle theft,6
E01009509,Birmingham 056D,39.489,-1.81351,52.4807,Bicycle theft,6
E01009183,Birmingham 088C,17.694,-1.89931,52.4479,Bicycle theft,6
E01009376,Birmingham 084C,59.053,-1.88788,52.4562,Bicycle theft,6
E01009378,Birmingham 135A,43.802,-1.88735,52.4707,Bicycle theft,6
E01009619,Coventry 038D,23.094,-1.48503,52.4011,Bicycle theft,6
E01009412,Birmingham 030C,51.801,-1.85904,52.52,Bicycle theft,6
E01009856,Dudley 035A,27.124,-2.13708,52.454,Bicycle theft,6
E01009382,Birmingham 140C,43.929,-1.86525,52.4494,Bicycle theft,6
E01009636,Coventry 024A,29.082,-1.48974,52.4133,Bicycle theft,5
E01009239,Birmingham 033F,37.061,-1.89358,52.5223,Bicycle theft,5
E01009566,Coventry 009B,41.718,-1.50445,52.4274,Bicycle theft,5
E01010103,Sandwell 017D,43.065,-2.00543,52.5258,Bicycle theft,5
E01009213,Birmingham 124E,41.167,-1.97655,52.3993,Bicycle theft,5
E01009289,Birmingham 096E,20.146,-1.93365,52.4431,Bicycle theft,5
E01009607,Coventry 004C,67.115,-1.47352,52.4362,Bicycle theft,5
E01008994,Birmingham 074B,21.737,-1.91082,52.4684,Bicycle theft,5
E01010530,Wolverhampton 035H,45.834,-2.11909,52.5816,Bicycle theft,5
E01009141,Birmingham 137A,56.453,-1.92267,52.4822,Bicycle theft,5
E01009582,Coventry 008C,18.51,-1.44401,52.4303,Bicycle theft,5
E01008990,Birmingham 064E,8.186,-1.92797,52.4671,Bicycle theft,5
E01009494,Birmingham 109A,57.941,-1.96984,52.427,Bicycle theft,5
E01010491,Wolverhampton 028C,27.771,-2.17315,52.5628,Bicycle theft,5
E01009499,Birmingham 119E,41.878,-1.97867,52.4131,Bicycle theft,5
E01033565,Birmingham 137B,20.657,-1.91264,52.4829,Bicycle theft,5
E01033622,Birmingham 138B,17.367,-1.90507,52.4831,Bicycle theft,5
E01010213,Solihull 022E,20.623,-1.81318,52.395,Bicycle theft,5
E01009332,Birmingham 139E,60.271,-1.86172,52.473,Bicycle theft,5
E01008957,Birmingham 112E,32.874,-1.92362,52.4186,Bicycle theft,5
E01009526,Coventry 010B,12.743,-1.54818,52.4322,Bicycle theft,5
E01009098,Birmingham 025C,39.736,-1.80688,52.5203,Bicycle theft,5
E01010353,Walsall 010C,26.083,-1.95086,52.622,Bicycle theft,5
E01008917,Birmingham 102A,20.608,-2.00767,52.4414,Bicycle theft,5
E01009702,Coventry 029E,44.336,-1.57684,52.4049,Bicycle theft,5
E01009449,Birmingham 009A,23.843,-1.82829,52.5605,Bicycle theft,5
E01033058,Coventry 042F,16.18,-1.55197,52.3864,Bicycle theft,5
E01010500,Wolverhampton 002D,40.724,-2.13701,52.6197,Bicycle theft,4
E01009209,Birmingham 124D,27.614,-1.97382,52.4047,Bicycle theft,4
E01008971,Birmingham 117D,23.515,-1.89082,52.4183,Bicycle theft,4
E01010090,Sandwell 005A,39.525,-2.02987,52.5552,Bicycle theft,4
E01010470,Wolverhampton 020E,41.971,-2.14574,52.5807,Bicycle theft,4
E01009651,Coventry 031D,51.364,-1.52229,52.4076,Bicycle theft,4
E01009655,Coventry 016A,28.603,-1.47886,52.422,Bicycle theft,4
E01010363,Walsall 026D,46.583,-1.99545,52.5822,Bicycle theft,4
E01010247,Walsall 022C,14.808,-1.92487,52.5975,Bicycle theft,4
E01010349,Walsall 005B,27.488,-1.96476,52.6269,Bicycle theft,4
E01010378,Walsall 019A,18.935,-2.0241,52.597,Bicycle theft,4
E01010380,Walsall 020C,19.657,-2.04845,52.6031,Bicycle theft,4
E01010271,Walsall 017A,51.211,-2.00243,52.6049,Bicycle theft,4
E01009384,Birmingham 092E,53.154,-1.88598,52.4516,Bicycle theft,4
E01009397,Birmingham 077E,57.163,-1.87317,52.4558,Bicycle theft,4
E01010336,Walsall 034A,33.256,-1.99146,52.5675,Bicycle theft,4
E01010433,Wolverhampton 035E,46.113,-2.1272,52.5749,Bicycle theft,4
E01010158,Solihull 012C,40.413,-1.78902,52.4469,Bicycle theft,4
E01010123,Solihull 003C,14.454,-1.75867,52.5029,Bicycle theft,4
E01010137,Solihull 012B,30.723,-1.78692,52.4376,Bicycle theft,4
E01010420,Wolverhampton 023C,39.582,-2.08942,52.5737,Bicycle theft,4
E01009524,Coventry 006A,29,-1.53362,52.4408,Bicycle theft,4
E01010404,Walsall 025C,44.077,-2.05966,52.5813,Bicycle theft,4
E01009555,Coventry 034B,9.302,-1.54994,52.3961,Bicycle theft,4
E01009556,Coventry 034C,17.5,-1.53304,52.3965,Bicycle theft,4
E01009299,Birmingham 057B,48.978,-1.77725,52.481,Bicycle theft,4
E01010405,Walsall 027B,36.669,-2.04053,52.5823,Bicycle theft,4
E01010191,Solihull 022A,4.902,-1.79776,52.4051,Bicycle theft,4
E01009543,Coventry 033D,6.016,-1.43636,52.3997,Bicycle theft,4
E01009159,Birmingham 130A,23.431,-2.00907,52.3982,Bicycle theft,4
E01009069,Birmingham 075D,16.528,-1.94711,52.4595,Bicycle theft,4
E01009072,Birmingham 075E,19.26,-1.96101,52.4568,Bicycle theft,4
E01009184,Birmingham 092B,29.974,-1.88953,52.4455,Bicycle theft,4
E01010525,Wolverhampton 013D,40.494,-2.14126,52.5981,Bicycle theft,4
E01010567,Wolverhampton 010E,37.676,-2.06629,52.607,Bicycle theft,4
E01032531,Coventry 036E,51.338,-1.57994,52.395,Bicycle theft,4
E01032533,Coventry 036G,8.203,-1.58084,52.3877,Bicycle theft,4
E01032885,Solihull 029F,5.555,-1.83613,52.3833,Bicycle theft,4
E01009957,Sandwell 038C,53.031,-2.07438,52.471,Bicycle theft,4
E01009686,Coventry 026D,9.571,-1.55169,52.4036,Bicycle theft,4
E01010207,Solihull 024D,4.773,-1.79051,52.3957,Bicycle theft,3
E01032538,Coventry 001H,36.241,-1.48738,52.4484,Bicycle theft,3
E01009114,Birmingham 128D,54.108,-1.94313,52.3959,Bicycle theft,3
E01010204,Solihull 018D,38.921,-1.82642,52.4196,Bicycle theft,3
E01009955,Sandwell 035C,35.883,-2.07856,52.4739,Bicycle theft,3
E01009329,Birmingham 070A,50.75,-1.85449,52.4699,Bicycle theft,3
E01010402,Walsall 027A,24.162,-2.03485,52.5863,Bicycle theft,3
E01009977,Sandwell 016B,28.349,-2.03685,52.5345,Bicycle theft,3
E01010181,Solihull 029B,3.805,-1.84738,52.3892,Bicycle theft,3
E01010410,Wolverhampton 033A,45.111,-2.07274,52.5597,Bicycle theft,3
E01009414,Birmingham 030E,42.949,-1.86279,52.5128,Bicycle theft,3
E01009557,Coventry 034D,7.271,-1.53655,52.3922,Bicycle theft,3
E01010312,Walsall 038B,38.656,-2.04585,52.5704,Bicycle theft,3
E01009119,Birmingham 123C,26.603,-1.92666,52.4106,Bicycle theft,3
E01008952,Birmingham 112B,27.467,-1.92107,52.4274,Bicycle theft,3
E01009410,Birmingham 026D,46.42,-1.86503,52.5238,Bicycle theft,3
E01010320,Walsall 016A,32.54,-1.93877,52.6141,Bicycle theft,3
E01033646,Birmingham 031I,64.138,-1.85027,52.5173,Bicycle theft,3
E01009039,Birmingham 132A,13.915,-1.84475,52.4182,Bicycle theft,3
E01010308,Walsall 002D,49.072,-1.93056,52.6427,Bicycle theft,3
E01009424,Birmingham 004B,13.963,-1.84681,52.5701,Bicycle theft,3
E01009539,Coventry 039A,66.621,-1.45452,52.3853,Bicycle theft,3
E01009881,Dudley 011C,59.015,-2.09226,52.5111,Bicycle theft,3
E01009540,Coventry 039B,52.31,-1.46726,52.3892,Bicycle theft,3
E01033623,Birmingham 138C,32.489,-1.90527,52.4863,Bicycle theft,3
E01008886,Birmingham 076B,39.518,-1.81287,52.4603,Bicycle theft,3
E01010287,Walsall 012B,36.326,-2.00002,52.6166,Bicycle theft,3
E01009362,Birmingham 071A,61.205,-1.88963,52.4655,Bicycle theft,3
E01010254,Walsall 004D,26.068,-1.92544,52.6276,Bicycle theft,3
E01033619,Birmingham 137D,19.337,-1.91524,52.4856,Bicycle theft,3
E01009927,Sandwell 034F,25.575,-1.96949,52.4743,Bicycle theft,3
E01009068,Birmingham 075C,10.384,-1.95231,52.4588,Bicycle theft,3
E01010273,Walsall 017C,54.172,-2.0144,52.6071,Bicycle theft,3
E01010274,Walsall 021C,55.667,-2.01357,52.6005,Bicycle theft,3
E01033632,Birmingham 023F,44.421,-1.83213,52.5266,Bicycle theft,3
E01033628,Birmingham 041F,62.468,-1.89837,52.5029,Bicycle theft,3
E01008930,Birmingham 106D,32.371,-1.99275,52.4223,Bicycle theft,3
E01009033,Birmingham 103F,45.626,-1.8297,52.4271,Bicycle theft,3
E01033624,Birmingham 134C,30.894,-1.90527,52.4714,Bicycle theft,3
E01009341,Birmingham 066E,50.375,-1.82725,52.4786,Bicycle theft,3
E01010295,Walsall 017D,56.657,-2.00222,52.6096,Bicycle theft,3
E01009944,Sandwell 031C,37.633,-1.98881,52.4855,Bicycle theft,3
E01008995,Birmingham 134A,55.428,-1.90077,52.4654,Bicycle theft,3
E01009500,Birmingham 095E,64.062,-1.97271,52.443,Bicycle theft,3
E01010226,Solihull 016B,9.968,-1.76697,52.4145,Bicycle theft,3
E01009352,Birmingham 039C,56.499,-1.92774,52.5039,Bicycle theft,3
E01009090,Birmingham 042E,33.702,-1.81327,52.4921,Bicycle theft,3
E01008961,Birmingham 116C,22.079,-1.92971,52.4169,Bicycle theft,3
E01033567,Birmingham 135B,24.672,-1.89909,52.4724,Bicycle theft,3
E01008923,Birmingham 102B,55.858,-2.00587,52.4363,Bicycle theft,3
E01033564,Birmingham 136C,24.775,-1.91997,52.4763,Bicycle theft,3
E01008955,Birmingham 112C,25.344,-1.92592,52.4231,Bicycle theft,3
E01010373,Walsall 030E,12.496,-1.96995,52.573,Bicycle theft,3
E01010292,Walsall 008A,46.629,-2.00782,52.6209,Bicycle theft,3
E01009000,Birmingham 031C,54.211,-1.84656,52.5183,Bicycle theft,3
E01010241,Walsall 015A,8.298,-1.8997,52.6105,Bicycle theft,3
E01008883,Birmingham 078A,38.636,-1.82302,52.4628,Bicycle theft,3
E01010240,Solihull 002D,42.563,-1.75636,52.5092,Bicycle theft,3
E01010029,Sandwell 009C,70.309,-2.05206,52.542,Bicycle theft,3
E01009627,Coventry 012C,34.476,-1.52132,52.4242,Bicycle theft,3
E01010459,Wolverhampton 008B,25.727,-2.09631,52.6117,Bicycle theft,3
E01009721,Dudley 031A,21.239,-2.15065,52.4646,Bicycle theft,3
E01009013,Birmingham 031D,52.593,-1.83937,52.5197,Bicycle theft,3
E01009242,Birmingham 024E,28.542,-1.90872,52.5218,Bicycle theft,3
E01009631,Coventry 020C,50.343,-1.5223,52.4155,Bicycle theft,3
E01009153,Birmingham 053C,48.369,-1.92956,52.4829,Bicycle theft,3
E01009597,Coventry 043D,27.334,-1.50657,52.4427,Bicycle theft,3
E01009599,Coventry 013A,31.203,-1.46928,52.43,Bicycle theft,3
E01010540,Wolverhampton 009B,10.541,-2.16672,52.6031,Bicycle theft,3
E01009253,Birmingham 080D,20.238,-2.00215,52.4584,Bicycle theft,3
E01010453,Wolverhampton 035F,40.812,-2.11525,52.5716,Bicycle theft,3
E01009616,Coventry 027B,19.917,-1.47507,52.4093,Bicycle theft,3
E01009258,Birmingham 085E,55.39,-1.98298,52.4516,Bicycle theft,3
E01009015,Birmingham 089G,31.911,-1.81965,52.4443,Bicycle theft,3
E01009200,Birmingham 139A,54.122,-1.87489,52.4764,Bicycle theft,3
E01010511,Wolverhampton 017D,42.114,-2.13986,52.5915,Bicycle theft,3
E01009660,Coventry 021D,23.59,-1.47807,52.4135,Bicycle theft,3
E01009683,Coventry 032D,25.622,-1.56082,52.3994,Bicycle theft,3
E01010065,Sandwell 026F,31.117,-1.95213,52.4869,Bicycle theft,3
E01010061,Sandwell 026B,41.264,-1.95936,52.4873,Bicycle theft,3
E01009203,Birmingham 043C,56.729,-1.87508,52.4934,Bicycle theft,3
E01010506,Wolverhampton 017A,40.183,-2.14639,52.5863,Bicycle theft,3
E01010495,Wolverhampton 002A,29.868,-2.13271,52.6291,Bicycle theft,3
E01009204,Birmingham 052E,57.368,-1.87467,52.4854,Bicycle theft,3
E01010496,Wolverhampton 003A,32.003,-2.14818,52.6253,Bicycle theft,3
E01010485,Wolverhampton 007D,50.121,-2.12008,52.6079,Bicycle theft,3
E01010039,Sandwell 025A,42.887,-2.06032,52.4846,Bicycle theft,3
E01010484,Wolverhampton 007C,49.998,-2.11174,52.6109,Bicycle theft,3
E01009579,Coventry 007B,53.177,-1.46395,52.433,Bicycle theft,3
E01010169,Solihull 025C,2.803,-1.64697,52.389,Bicycle theft,3
E01009570,Coventry 015B,44.637,-1.49801,52.427,Bicycle theft,3
E01009292,Birmingham 099B,15.243,-1.94926,52.4423,Bicycle theft,3
E01009568,Coventry 009D,33.154,-1.50129,52.432,Bicycle theft,3
E01010443,Wolverhampton 018B,54.494,-2.10653,52.5832,Bicycle theft,3
E01009290,Birmingham 096F,14.583,-1.93009,52.4388,Bicycle theft,2
E01010426,Wolverhampton 035A,26.514,-2.13456,52.5751,Bicycle theft,2
E01009132,Birmingham 014D,56.75,-1.86424,52.545,Bicycle theft,2
E01009399,Birmingham 083E,62.315,-1.87566,52.4533,Bicycle theft,2
E01009310,Birmingham 046D,56.875,-1.76682,52.4964,Bicycle theft,2
E01009339,Birmingham 140A,52.522,-1.85579,52.4583,Bicycle theft,2
E01009286,Birmingham 096C,14.443,-1.92579,52.4401,Bicycle theft,2
E01009315,Birmingham 081A,34.711,-1.78499,52.4558,Bicycle theft,2
E01010475,Wolverhampton 015D,19.536,-2.0936,52.6034,Bicycle theft,2
E01010343,Walsall 034E,42.688,-1.98732,52.5723,Bicycle theft,2
E01010449,Wolverhampton 029A,35.46,-2.10864,52.5658,Bicycle theft,2
E01009018,Birmingham 090B,37.159,-1.83199,52.4452,Bicycle theft,2
E01010516,Wolverhampton 026D,10.666,-2.15766,52.5667,Bicycle theft,2
E01010447,Wolverhampton 018E,36.735,-2.09348,52.5858,Bicycle theft,2
E01010415,Wolverhampton 027B,44.012,-2.05708,52.572,Bicycle theft,2
E01009103,Birmingham 029E,60.475,-1.79272,52.5141,Bicycle theft,2
E01010381,Walsall 020D,35.531,-2.0418,52.6009,Bicycle theft,2
E01009301,Birmingham 057D,56.072,-1.7663,52.4798,Bicycle theft,2
E01009210,Birmingham 126B,40.987,-1.9644,52.406,Bicycle theft,2
E01009036,Birmingham 108D,18.644,-1.84034,52.422,Bicycle theft,2
E01009409,Birmingham 026C,43.819,-1.84918,52.5234,Bicycle theft,2
E01010321,Walsall 010B,33.736,-1.96078,52.6151,Bicycle theft,2
E01008914,Birmingham 050C,48.135,-1.89878,52.4896,Bicycle theft,2
E01010325,Walsall 024C,23.416,-1.97013,52.5957,Bicycle theft,2
E01010424,Wolverhampton 022D,25.664,-2.07432,52.5776,Bicycle theft,2
E01009216,Birmingham 131D,29.53,-1.96263,52.3944,Bicycle theft,2
E01033645,Birmingham 088E,47.045,-1.89818,52.4559,Bicycle theft,2
E01009102,Birmingham 028D,45.201,-1.81904,52.5125,Bicycle theft,2
E01009305,Birmingham 045C,63.723,-1.78895,52.4982,Bicycle theft,2
E01009358,Birmingham 047B,64.81,-1.92363,52.4983,Bicycle theft,2
E01008999,Birmingham 031B,42.242,-1.84279,52.5149,Bicycle theft,2
E01010451,Wolverhampton 029C,29.038,-2.08859,52.5578,Bicycle theft,2
E01010397,Walsall 011B,40.845,-2.03686,52.6158,Bicycle theft,2
E01009366,Birmingham 084A,54.819,-1.89445,52.4605,Bicycle theft,2
E01010435,Wolverhampton 006A,51.154,-2.12541,52.6104,Bicycle theft,2
E01032886,Solihull 029G,7.638,-1.84228,52.3795,Bicycle theft,2
E01009274,Birmingham 036C,44.249,-1.95041,52.5086,Bicycle theft,2
E01010549,Wolverhampton 014D,16.818,-2.1822,52.5929,Bicycle theft,2
E01033616,Birmingham 135D,58.793,-1.90313,52.4738,Bicycle theft,2
E01010456,Wolverhampton 004A,68.126,-2.10242,52.6171,Bicycle theft,2
E01009367,Birmingham 083A,67.159,-1.88067,52.4609,Bicycle theft,2
E01009116,Birmingham 127D,11.528,-1.93876,52.4083,Bicycle theft,2
E01010403,Walsall 025B,37.693,-2.0452,52.5872,Bicycle theft,2
E01032536,Coventry 001F,27.154,-1.47407,52.4538,Bicycle theft,2
E01032887,Sandwell 018E,45.813,-2.01443,52.5239,Bicycle theft,2
E01009071,Birmingham 087B,28.171,-1.96404,52.4524,Bicycle theft,2
E01009182,Birmingham 092A,58.12,-1.89085,52.4528,Bicycle theft,2
E01009070,Birmingham 073B,13.977,-1.97157,52.4582,Bicycle theft,2
E01010520,Wolverhampton 030E,9.504,-2.14408,52.5596,Bicycle theft,2
E01009134,Birmingham 011F,60.126,-1.88209,52.5438,Bicycle theft,2
E01033559,Birmingham 049E,20.4,-1.91121,52.4902,Bicycle theft,2
E01009283,Birmingham 079E,19.934,-1.91404,52.4461,Bicycle theft,2
E01033629,Birmingham 106F,43.801,-1.9929,52.435,Bicycle theft,2
E01009236,Birmingham 019B,23.288,-1.91109,52.5373,Bicycle theft,2
E01010377,Walsall 020B,26.268,-2.05259,52.5969,Bicycle theft,2
E01009031,Birmingham 105C,20.967,-1.85231,52.4304,Bicycle theft,2
E01033630,Birmingham 031H,35.182,-1.85212,52.5218,Bicycle theft,2
E01010347,Walsall 003C,35.979,-1.97351,52.6331,Bicycle theft,2
E01009280,Birmingham 100A,21.777,-1.93012,52.4341,Bicycle theft,2
E01010541,Wolverhampton 003C,46.323,-2.15421,52.6187,Bicycle theft,2
E01009074,Birmingham 085B,54.251,-1.97462,52.4544,Bicycle theft,2
E01010375,Walsall 018E,46.96,-1.98784,52.5943,Bicycle theft,2
E01009175,Birmingham 104A,26.094,-1.88294,52.4332,Bicycle theft,2
E01009245,Birmingham 016C,25.666,-1.92682,52.5433,Bicycle theft,2
E01009113,Birmingham 128C,69.379,-1.93479,52.389,Bicycle theft,2
E01008907,Birmingham 040B,67.824,-1.91596,52.5013,Bicycle theft,2
E01008894,Birmingham 089E,37.129,-1.82147,52.448,Bicycle theft,2
E01009374,Birmingham 084B,61.941,-1.8888,52.4603,Bicycle theft,2
E01010356,Walsall 039C,12.341,-1.92059,52.5671,Bicycle theft,2
E01009179,Birmingham 104D,19.439,-1.88677,52.4295,Bicycle theft,2
E01010524,Wolverhampton 013C,44.93,-2.14685,52.5988,Bicycle theft,2
E01009307,Birmingham 045D,54.64,-1.78276,52.4987,Bicycle theft,2
E01009762,Dudley 006F,62.432,-2.10266,52.5227,Bicycle theft,2
E01009569,Coventry 015A,45.33,-1.49027,52.4291,Bicycle theft,2
E01009983,Sandwell 009B,45.048,-2.04671,52.5357,Bicycle theft,2
E01008965,Birmingham 107D,21.124,-1.9125,52.4289,Bicycle theft,2
E01010178,Solihull 013D,31.69,-1.81053,52.4398,Bicycle theft,2
E01009554,Coventry 034A,12.068,-1.53586,52.3991,Bicycle theft,2
E01008881,Birmingham 067A,41.179,-1.81463,52.4668,Bicycle theft,2
E01009558,Coventry 034E,14.035,-1.52492,52.3995,Bicycle theft,2
E01009980,Sandwell 016D,36.968,-2.0421,52.525,Bicycle theft,2
E01009581,Coventry 007C,47.413,-1.4547,52.431,Bicycle theft,2
E01010000,Sandwell 030A,22.905,-2.00905,52.4805,Bicycle theft,2
E01010148,Solihull 005C,49.922,-1.75681,52.4927,Bicycle theft,2
E01010141,Solihull 006D,51.758,-1.73915,52.4855,Bicycle theft,2
E01010143,Solihull 007C,51.303,-1.74974,52.477,Bicycle theft,2
E01009585,Coventry 007E,65.988,-1.46557,52.4401,Bicycle theft,2
E01010002,Sandwell 030B,23.789,-2.01816,52.4877,Bicycle theft,2
E01009580,Coventry 019A,20.564,-1.43538,52.4211,Bicycle theft,2
E01009999,Sandwell 033E,33.643,-2.03072,52.4798,Bicycle theft,2
E01009577,Coventry 007A,70.862,-1.46342,52.4371,Bicycle theft,2
E01009752,Dudley 017B,48.688,-2.12848,52.4931,Bicycle theft,2
E01009549,Coventry 037B,5.935,-1.51164,52.3966,Bicycle theft,2
E01010211,Solihull 023C,21.292,-1.82942,52.3965,Bicycle theft,2
E01009512,Birmingham 062A,45.743,-1.78417,52.4757,Bicycle theft,2
E01009956,Sandwell 035D,30.461,-2.06172,52.4744,Bicycle theft,2
E01008933,Birmingham 105A,31.465,-1.86472,52.4306,Bicycle theft,2
E01008982,Birmingham 079A,20.68,-1.91039,52.4554,Bicycle theft,2
E01009542,Coventry 039D,56.558,-1.46827,52.3858,Bicycle theft,2
E01009541,Coventry 039C,43.027,-1.46468,52.3808,Bicycle theft,2
E01010205,Solihull 018E,2.748,-1.81491,52.417,Bicycle theft,2
E01009746,Dudley 022C,44.927,-2.11577,52.4882,Bicycle theft,2
E01010085,Sandwell 001A,31.931,-2.00806,52.5601,Bicycle theft,2
E01009656,Coventry 016B,32.971,-1.48268,52.4187,Bicycle theft,2
E01010097,Sandwell 005D,33.621,-2.03796,52.5458,Bicycle theft,2
E01008973,Birmingham 118B,30.221,-1.90632,52.4159,Bicycle theft,2
E01009650,Coventry 020E,31.16,-1.52269,52.4107,Bicycle theft,2
E01010058,Sandwell 031E,46.256,-1.97565,52.4846,Bicycle theft,2
E01009674,Coventry 029A,30.08,-1.58252,52.4001,Bicycle theft,2
E01009691,Coventry 030D,17.24,-1.52923,52.4036,Bicycle theft,2
E01009679,Coventry 036C,38.142,-1.56055,52.3938,Bicycle theft,2
E01008944,Birmingham 115D,43.49,-1.85525,52.412,Bicycle theft,2
E01009688,Coventry 030A,20.967,-1.53785,52.4061,Bicycle theft,2
E01009664,Coventry 016E,29.982,-1.47736,52.4271,Bicycle theft,2
E01010070,Sandwell 015D,32.852,-2.06784,52.5209,Bicycle theft,2
E01009668,Coventry 041C,9.169,-1.52943,52.3806,Bicycle theft,2
E01010072,Sandwell 021D,26.058,-2.05793,52.5164,Bicycle theft,2
E01009666,Coventry 041A,5.516,-1.52877,52.3859,Bicycle theft,2
E01010074,Sandwell 014E,35.835,-2.07009,52.5353,Bicycle theft,2
E01009608,Coventry 004D,33.315,-1.47709,52.4387,Bicycle theft,2
E01009741,Dudley 022A,43.356,-2.11466,52.4793,Bicycle theft,2
E01009592,Coventry 043B,36.988,-1.49999,52.4474,Bicycle theft,2
E01009744,Dudley 022B,41.423,-2.12643,52.48,Bicycle theft,2
E01009604,Coventry 004A,30.169,-1.47976,52.4443,Bicycle theft,2
E01009629,Coventry 020A,27.337,-1.51051,52.4191,Bicycle theft,2
E01010107,Sandwell 020D,67.581,-1.98643,52.5163,Bicycle theft,2
E01010017,Sandwell 024A,44.039,-2.00927,52.5047,Bicycle theft,2
E01009637,Coventry 024B,44.778,-1.4994,52.4175,Bicycle theft,2
E01010028,Sandwell 037E,34.315,-2.00607,52.4683,Bicycle theft,2
E01010102,Sandwell 020C,45.439,-1.98929,52.5117,Bicycle theft,2
E01009633,Coventry 028A,24.817,-1.49183,52.4007,Bicycle theft,2
E01009617,Coventry 027C,18.926,-1.47325,52.4067,Bicycle theft,2
E01008976,Birmingham 121A,45.625,-1.8891,52.4112,Bicycle theft,2
E01010109,Solihull 009A,18.57,-1.72677,52.451,Bicycle theft,2
E01009624,Coventry 011B,27.798,-1.51614,52.431,Bicycle theft,2
E01009621,Coventry 027F,29.218,-1.47791,52.4006,Bicycle theft,2
E01009913,Dudley 021C,22.025,-2.14412,52.4863,Bicycle theft,2
E01009432,Birmingham 006A,20.739,-1.81166,52.5657,Bicycle theft,2
E01010302,Walsall 002A,36.042,-1.91761,52.6521,Bicycle theft,2
E01009929,Sandwell 033A,43.022,-2.04055,52.4796,Bicycle theft,2
E01009842,Dudley 018B,40.271,-2.08187,52.4931,Bicycle theft,2
E01008989,Birmingham 064D,28.452,-1.95029,52.4731,Bicycle theft,2
E01010261,Walsall 033A,42.361,-2.02325,52.5808,Bicycle theft,2
E01010263,Walsall 033B,39.901,-2.03387,52.5676,Bicycle theft,2
E01010294,Walsall 008B,48.957,-2.01231,52.6141,Bicycle theft,2
E01009473,Birmingham 010E,18.324,-1.85771,52.5484,Bicycle theft,2
E01009501,Birmingham 101B,49.56,-1.97011,52.4369,Bicycle theft,2
E01009497,Birmingham 109C,23.555,-1.97388,52.4184,Bicycle theft,2
E01009940,Sandwell 032C,34.998,-1.99811,52.4752,Bicycle theft,2
E01010238,Solihull 004D,53.106,-1.73877,52.4949,Bicycle theft,2
E01009906,Dudley 035C,36.113,-2.15527,52.4578,Bicycle theft,2
E01008959,Birmingham 116A,19.466,-1.94338,52.4169,Bicycle theft,2
E01009879,Dudley 011B,25.203,-2.0902,52.5149,Bicycle theft,2
E01009503,Birmingham 101D,50.357,-1.96455,52.4367,Bicycle theft,2
E01009934,Sandwell 027A,39.43,-2.02861,52.4929,Bicycle theft,2
E01010282,Walsall 012A,56.792,-1.9938,52.6106,Bicycle theft,2
E01010277,Walsall 013B,45.59,-1.98821,52.6054,Bicycle theft,2
E01010015,Sandwell 021A,24.121,-2.03347,52.511,Bicycle theft,1
E01009893,Dudley 010C,52.565,-2.06771,52.5102,Bicycle theft,1
E01009860,Dudley 042D,8.543,-2.12254,52.4501,Bicycle theft,1
E01010528,Wolverhampton 016C,30.827,-2.13075,52.5939,Bicycle theft,1
E01009171,Birmingham 130D,37.802,-2.00561,52.3886,Bicycle theft,1
E01033638,Birmingham 049F,60.558,-1.91123,52.4975,Bicycle theft,1
E01010535,Wolverhampton 032B,37.892,-2.10226,52.5604,Bicycle theft,1
E01010534,Wolverhampton 034C,16.579,-2.09579,52.5552,Bicycle theft,1
E01009165,Birmingham 129C,41.325,-1.99329,52.3951,Bicycle theft,1
E01008948,Birmingham 122D,21.806,-1.88378,52.4043,Bicycle theft,1
E01009020,Birmingham 103B,44.623,-1.82516,52.4406,Bicycle theft,1
E01009898,Dudley 003C,10.033,-2.12615,52.5341,Bicycle theft,1
E01009056,Birmingham 032B,51.196,-1.92359,52.5099,Bicycle theft,1
E01009899,Dudley 008E,6.391,-2.14862,52.5255,Bicycle theft,1
E01010023,Sandwell 037C,21.093,-1.99968,52.4659,Bicycle theft,1
E01009059,Birmingham 035E,61.826,-1.90838,52.5095,Bicycle theft,1
E01010531,Wolverhampton 034A,35.375,-2.09693,52.5501,Bicycle theft,1
E01009731,Dudley 023A,18.475,-2.15047,52.4704,Bicycle theft,1
E01010533,Wolverhampton 032A,32.935,-2.11278,52.5615,Bicycle theft,1
E01009166,Birmingham 131A,28.076,-1.97978,52.3931,Bicycle theft,1
E01009900,Dudley 008F,6.24,-2.13958,52.5246,Bicycle theft,1
E01033637,Birmingham 041G,58.484,-1.89219,52.5007,Bicycle theft,1
E01008947,Birmingham 122C,28.231,-1.88247,52.4085,Bicycle theft,1
E01009053,Birmingham 033B,53.905,-1.8884,52.5124,Bicycle theft,1
E01009723,Dudley 028B,5.036,-2.13154,52.4683,Bicycle theft,1
E01009812,Dudley 043E,9.101,-2.0827,52.4364,Bicycle theft,1
E01010512,Wolverhampton 017E,28.751,-2.15032,52.5897,Bicycle theft,1
E01009871,Dudley 018D,24.836,-2.07053,52.4881,Bicycle theft,1
E01010052,Sandwell 023F,43.268,-1.96683,52.506,Bicycle theft,1
E01009695,Coventry 023A,7.912,-1.56525,52.4105,Bicycle theft,1
E01009198,Birmingham 058D,52.742,-1.85722,52.4806,Bicycle theft,1
E01033647,Birmingham 058E,53.34,-1.84722,52.4793,Bicycle theft,1
E01009037,Birmingham 105D,22.826,-1.85426,52.4238,Bicycle theft,1
E01009699,Coventry 029B,14.703,-1.57542,52.4109,Bicycle theft,1
E01008960,Birmingham 116B,18.062,-1.93199,52.4181,Bicycle theft,1
E01009700,Coventry 029C,57.608,-1.58623,52.4089,Bicycle theft,1
E01009194,Birmingham 051A,42.955,-1.84979,52.4859,Bicycle theft,1
E01009884,Dudley 013D,30.171,-2.11512,52.503,Bicycle theft,1
E01010505,Wolverhampton 021E,11.678,-2.15611,52.581,Bicycle theft,1
E01009687,Coventry 026E,10.458,-1.54435,52.407,Bicycle theft,1
E01009035,Birmingham 108C,25.035,-1.83703,52.4272,Bicycle theft,1
E01009034,Birmingham 108B,16.587,-1.84498,52.4268,Bicycle theft,1
E01008970,Birmingham 110C,31.077,-1.90424,52.4227,Bicycle theft,1
E01009205,Birmingham 120A,25.035,-1.95274,52.4115,Bicycle theft,1
E01009874,Dudley 020C,39.399,-2.0993,52.4858,Bicycle theft,1
E01010509,Wolverhampton 019A,29.851,-2.17748,52.5802,Bicycle theft,1
E01010054,Sandwell 028A,61.024,-1.97317,52.4939,Bicycle theft,1
E01010057,Sandwell 028D,39.439,-1.9684,52.4885,Bicycle theft,1
E01010035,Sandwell 007C,16.583,-2.0505,52.5494,Bicycle theft,1
E01009046,Birmingham 097E,22.988,-1.85335,52.4353,Bicycle theft,1
E01009890,Dudley 015D,40.467,-2.07355,52.4962,Bicycle theft,1
E01009707,Coventry 033E,10.656,-1.44152,52.4066,Bicycle theft,1
E01008958,Birmingham 113C,39.665,-1.95554,52.4192,Bicycle theft,1
E01009889,Dudley 015C,48.639,-2.08252,52.5056,Bicycle theft,1
E01009863,Dudley 033E,21.755,-2.07484,52.4594,Bicycle theft,1
E01009047,Birmingham 040C,59.253,-1.91077,52.5056,Bicycle theft,1
E01010032,Sandwell 014C,73.297,-2.06277,52.538,Bicycle theft,1
E01010031,Sandwell 014B,60.106,-2.0593,52.5429,Bicycle theft,1
E01009891,Dudley 010A,42.737,-2.06232,52.5107,Bicycle theft,1
E01009177,Birmingham 104B,21.855,-1.89894,52.4344,Bicycle theft,1
E01009713,Coventry 019B,19.503,-1.45179,52.4175,Bicycle theft,1
E01009187,Birmingham 092C,21.665,-1.88408,52.4431,Bicycle theft,1
E01009867,Dudley 025D,27.029,-2.10944,52.4665,Bicycle theft,1
E01009186,Birmingham 088D,23.236,-1.90236,52.4426,Bicycle theft,1
E01009701,Coventry 029D,31.496,-1.58734,52.4046,Bicycle theft,1
E01033644,Birmingham 052F,59.486,-1.86046,52.4878,Bicycle theft,1
E01010517,Wolverhampton 031D,22.408,-2.1633,52.5643,Bicycle theft,1
E01010040,Sandwell 029B,28.754,-2.04592,52.4848,Bicycle theft,1
E01009706,Coventry 025D,8.357,-1.59707,52.4191,Bicycle theft,1
E01033642,Birmingham 063F,43.166,-1.84079,52.4692,Bicycle theft,1
E01010522,Wolverhampton 013A,43.058,-2.13448,52.6014,Bicycle theft,1
E01033643,Birmingham 082F,50.599,-1.86225,52.4541,Bicycle theft,1
E01009185,Birmingham 093A,20.757,-1.87549,52.4401,Bicycle theft,1
E01009115,Birmingham 128E,55.214,-1.93811,52.3921,Bicycle theft,1
E01009967,Sandwell 003D,26.983,-1.98741,52.558,Bicycle theft,1
E01009117,Birmingham 126A,57.955,-1.94858,52.4078,Bicycle theft,1
E01009789,Dudley 007C,13.354,-2.12478,52.5284,Bicycle theft,1
E01009966,Sandwell 003C,35.56,-2.0049,52.5504,Bicycle theft,1
E01009978,Sandwell 014A,48.372,-2.05382,52.5365,Bicycle theft,1
E01009121,Birmingham 014A,47.682,-1.86543,52.5358,Bicycle theft,1
E01008887,Birmingham 078C,46.456,-1.81983,52.4598,Bicycle theft,1
E01009773,Dudley 002A,30.112,-2.11821,52.5443,Bicycle theft,1
E01008951,Birmingham 112A,20.834,-1.93602,52.4266,Bicycle theft,1
E01033621,Birmingham 035G,46.511,-1.90357,52.5122,Bicycle theft,1
E01009831,Dudley 037A,34.102,-2.11334,52.4474,Bicycle theft,1
E01009979,Sandwell 016C,62.903,-2.0308,52.5258,Bicycle theft,1
E01009976,Sandwell 016A,13.04,-2.04604,52.5297,Bicycle theft,1
E01009830,Dudley 019F,7.066,-2.16391,52.4903,Bicycle theft,1
E01032534,Coventry 037F,25.411,-1.50141,52.3891,Bicycle theft,1
E01008956,Birmingham 112D,15.361,-1.93666,52.4209,Bicycle theft,1
E01032532,Coventry 036F,10.813,-1.59503,52.3962,Bicycle theft,1
E01009120,Birmingham 123D,28.778,-1.92052,52.4063,Bicycle theft,1
E01009733,Dudley 039B,53.738,-2.05421,52.448,Bicycle theft,1
E01009026,Birmingham 090C,57.483,-1.84078,52.4501,Bicycle theft,1
E01009938,Sandwell 031A,31.089,-1.98501,52.481,Bicycle theft,1
E01009805,Dudley 039E,12.101,-2.04409,52.4494,Bicycle theft,1
E01033187,Dudley 006G,56.202,-2.09198,52.5256,Bicycle theft,1
E01032889,Walsall 013E,67.813,-1.97849,52.6179,Bicycle theft,1
E01009937,Sandwell 032A,37.313,-1.99288,52.4799,Bicycle theft,1
E01009952,Sandwell 035B,46.147,-2.06762,52.4718,Bicycle theft,1
E01009790,Dudley 007D,37.384,-2.11354,52.5246,Bicycle theft,1
E01009941,Sandwell 032D,33.482,-1.99827,52.4879,Bicycle theft,1
E01009099,Birmingham 029C,66.836,-1.78973,52.5198,Bicycle theft,1
E01009810,Dudley 043C,12.708,-2.06832,52.4363,Bicycle theft,1
E01009808,Dudley 043B,5.25,-2.08507,52.4454,Bicycle theft,1
E01032592,Sandwell 039F,23.353,-1.96832,52.5359,Bicycle theft,1
E01009933,Sandwell 035A,33.844,-2.05078,52.4709,Bicycle theft,1
E01009962,Sandwell 004A,56.992,-1.9938,52.5541,Bicycle theft,1
E01009819,Dudley 012C,11.466,-2.15823,52.509,Bicycle theft,1
E01009954,Sandwell 038B,33.989,-2.07566,52.4653,Bicycle theft,1
E01008953,Birmingham 107A,34.644,-1.91564,52.4249,Bicycle theft,1
E01009953,Sandwell 038A,40.311,-2.08846,52.4704,Bicycle theft,1
E01009796,Dudley 026D,21.024,-2.03709,52.4594,Bicycle theft,1
E01009797,Dudley 030C,17.996,-2.01774,52.4655,Bicycle theft,1
E01009771,Dudley 004D,12.239,-2.10022,52.5377,Bicycle theft,1
E01008949,Birmingham 122E,10.07,-1.87964,52.4023,Bicycle theft,1
E01009097,Birmingham 029B,59.522,-1.78037,52.5179,Bicycle theft,1
E01009145,Birmingham 060D,26.205,-1.95164,52.4789,Bicycle theft,1
E01009749,Dudley 016A,18.839,-2.1393,52.5062,Bicycle theft,1
E01009140,Birmingham 060C,32.387,-1.93142,52.4795,Bicycle theft,1
E01009908,Dudley 035E,9.867,-2.15329,52.4529,Bicycle theft,1
E01008884,Birmingham 078B,44.315,-1.83598,52.4603,Bicycle theft,1
E01009152,Birmingham 053B,49.865,-1.94306,52.4845,Bicycle theft,1
E01010013,Sandwell 012C,14.747,-1.94519,52.5404,Bicycle theft,1
E01010543,Wolverhampton 003D,42.822,-2.15736,52.6162,Bicycle theft,1
E01009904,Dudley 029B,8.978,-2.16563,52.4632,Bicycle theft,1
E01010012,Sandwell 011D,17.305,-1.94263,52.5428,Bicycle theft,1
E01010545,Wolverhampton 009E,13.381,-2.15389,52.6059,Bicycle theft,1
E01009845,Dudley 041A,4.022,-2.14924,52.4337,Bicycle theft,1
E01009065,Birmingham 075A,22.482,-1.95224,52.4656,Bicycle theft,1
E01009022,Birmingham 098B,35.39,-1.83144,52.4387,Bicycle theft,1
E01010547,Wolverhampton 014B,8.342,-2.16843,52.5952,Bicycle theft,1
E01009064,Birmingham 095B,34.229,-1.96574,52.4459,Bicycle theft,1
E01009834,Dudley 031D,31.471,-2.12746,52.4559,Bicycle theft,1
E01009987,Sandwell 019B,58.334,-2.00677,52.5203,Bicycle theft,1
E01009986,Sandwell 019A,36.64,-2.00478,52.516,Bicycle theft,1
E01009766,Dudley 004B,21.98,-2.10076,52.5436,Bicycle theft,1
E01009078,Birmingham 087E,27.246,-1.95023,52.446,Bicycle theft,1
E01009989,Sandwell 019C,34.02,-2.00705,52.5108,Bicycle theft,1
E01032527,Coventry 035G,28.526,-1.45298,52.3904,Bicycle theft,1
E01009923,Sandwell 036A,20.985,-1.98812,52.4764,Bicycle theft,1
E01009982,Sandwell 009A,39.492,-2.03803,52.5409,Bicycle theft,1
E01008964,Birmingham 107C,37.57,-1.91113,52.4354,Bicycle theft,1
E01009126,Birmingham 026A,20.699,-1.8666,52.5261,Bicycle theft,1
E01009079,Birmingham 038A,61.275,-1.81698,52.5066,Bicycle theft,1
E01010555,Wolverhampton 005A,43.092,-2.06168,52.6139,Bicycle theft,1
E01009997,Sandwell 010E,36.468,-1.99265,52.5364,Bicycle theft,1
E01009753,Dudley 017C,44.547,-2.13686,52.4916,Bicycle theft,1
E01009023,Birmingham 098C,21.331,-1.83284,52.4337,Bicycle theft,1
E01010556,Wolverhampton 005B,26.377,-2.05301,52.6143,Bicycle theft,1
E01009837,Dudley 037C,34.229,-2.11648,52.4541,Bicycle theft,1
E01009754,Dudley 017D,35.994,-2.12368,52.4947,Bicycle theft,1
E01009993,Sandwell 017C,50.837,-1.99284,52.5292,Bicycle theft,1
E01009759,Dudley 006D,17.938,-2.0824,52.5276,Bicycle theft,1
E01009992,Sandwell 017B,34.961,-1.99605,52.5267,Bicycle theft,1
E01010562,Wolverhampton 010C,39.015,-2.07399,52.6005,Bicycle theft,1
E01008950,Birmingham 113A,31.513,-1.94667,52.425,Bicycle theft,1
E01008896,Birmingham 066B,54.214,-1.81893,52.4724,Bicycle theft,1
E01009075,Birmingham 087C,36.502,-1.94994,52.4541,Bicycle theft,1
E01009994,Sandwell 010B,42.974,-1.98818,52.5474,Bicycle theft,1
E01009836,Dudley 037B,54.825,-2.12271,52.4585,Bicycle theft,1
E01010231,Solihull 016E,3.839,-1.78696,52.423,Bicycle theft,1
E01009504,Birmingham 109D,22.559,-1.96066,52.432,Bicycle theft,1
E01009505,Birmingham 101E,44.598,-1.97366,52.4295,Bicycle theft,1
E01010230,Solihull 016D,19.011,-1.77685,52.4231,Bicycle theft,1
E01009344,Birmingham 139H,56.91,-1.85492,52.4751,Bicycle theft,1
E01010237,Solihull 004C,30.462,-1.74935,52.4993,Bicycle theft,1
E01009345,Birmingham 053D,59.211,-1.93862,52.492,Bicycle theft,1
E01009498,Birmingham 119D,58.985,-1.97981,52.421,Bicycle theft,1
E01010374,Walsall 018D,48.608,-1.98867,52.5979,Bicycle theft,1
E01008987,Birmingham 064B,34.158,-1.93239,52.4748,Bicycle theft,1
E01009514,Birmingham 062B,66.535,-1.78914,52.4764,Bicycle theft,1
E01010221,Solihull 021C,17.165,-1.85162,52.4036,Bicycle theft,1
E01010382,Walsall 019C,30.01,-2.03174,52.6012,Bicycle theft,1
E01010227,Solihull 015C,5.982,-1.74965,52.4177,Bicycle theft,1
E01008986,Birmingham 064A,31.779,-1.94578,52.4742,Bicycle theft,1
E01009335,Birmingham 139G,46.402,-1.84206,52.464,Bicycle theft,1
E01010223,Solihull 030B,19.027,-1.8303,52.4083,Bicycle theft,1
E01010365,Walsall 031C,47.048,-1.9993,52.5729,Bicycle theft,1
E01010250,Walsall 004B,20.928,-1.91547,52.6418,Bicycle theft,1
E01010249,Walsall 004A,29.477,-1.9401,52.6299,Bicycle theft,1
E01010252,Walsall 004C,22.754,-1.9275,52.637,Bicycle theft,1
E01009365,Birmingham 071D,72.39,-1.87752,52.4679,Bicycle theft,1
E01009363,Birmingham 071B,63.826,-1.86859,52.4674,Bicycle theft,1
E01009364,Birmingham 071C,66.314,-1.8855,52.4689,Bicycle theft,1
E01009483,Birmingham 051B,56.821,-1.85972,52.4936,Bicycle theft,1
E01010242,Walsall 015B,34.523,-1.91961,52.6166,Bicycle theft,1
E01008931,Birmingham 094D,51.975,-1.9936,52.4464,Bicycle theft,1
E01009493,Birmingham 113D,59.309,-1.95902,52.4242,Bicycle theft,1
E01008918,Birmingham 094A,54.072,-2.00009,52.4437,Bicycle theft,1
E01009346,Birmingham 053E,41.743,-1.94226,52.4889,Bicycle theft,1
E01010218,Solihull 021A,27.399,-1.86497,52.4083,Bicycle theft,1
E01010362,Walsall 026C,42.451,-2.00789,52.5821,Bicycle theft,1
E01009536,Coventry 033C,7.068,-1.45562,52.4003,Bicycle theft,1
E01008916,Birmingham 037E,63.81,-1.88303,52.5104,Bicycle theft,1
E01009537,Coventry 035C,30.914,-1.45234,52.3931,Bicycle theft,1
E01010400,Walsall 014D,46.509,-2.03164,52.6153,Bicycle theft,1
E01009321,Birmingham 069C,65.701,-1.76823,52.4692,Bicycle theft,1
E01010199,Solihull 018A,3.938,-1.81236,52.4115,Bicycle theft,1
E01009320,Birmingham 081F,22.809,-1.76512,52.4536,Bicycle theft,1
E01010408,Walsall 025E,46.226,-2.0527,52.5904,Bicycle theft,1
E01009311,Birmingham 054E,55.739,-1.7918,52.4851,Bicycle theft,1
E01010409,Walsall 027D,34.442,-2.04144,52.5901,Bicycle theft,1
E01010194,Solihull 024C,4.294,-1.7809,52.3994,Bicycle theft,1
E01009314,Birmingham 069B,38.883,-1.78019,52.462,Bicycle theft,1
E01010407,Walsall 025D,34.767,-2.0622,52.5925,Bicycle theft,1
E01009517,Birmingham 062D,45.513,-1.78931,52.4715,Bicycle theft,1
E01009327,Birmingham 139B,46.341,-1.84399,52.4725,Bicycle theft,1
E01010393,Walsall 014A,23.37,-2.04266,52.6042,Bicycle theft,1
E01009331,Birmingham 139D,44.822,-1.8471,52.4753,Bicycle theft,1
E01010203,Solihull 022C,10.408,-1.81586,52.4029,Bicycle theft,1
E01009324,Birmingham 072B,25.119,-1.79033,52.4662,Bicycle theft,1
E01010208,Solihull 023A,9.061,-1.82402,52.4022,Bicycle theft,1
E01010206,Solihull 018F,9.244,-1.82365,52.4143,Bicycle theft,1
E01009480,Birmingham 044C,50.266,-1.83102,52.4985,Bicycle theft,1
E01010256,Walsall 007D,20.161,-1.92699,52.6222,Bicycle theft,1
E01009405,Birmingham 020C,42.995,-1.8518,52.5302,Bicycle theft,1
E01009437,Birmingham 006C,8.912,-1.80699,52.547,Bicycle theft,1
E01009438,Birmingham 012C,7.908,-1.7859,52.5402,Bicycle theft,1
E01010299,Walsall 009D,44.606,-2.02568,52.6237,Bicycle theft,1
E01010326,Walsall 029A,17.321,-1.96209,52.5823,Bicycle theft,1
E01009404,Birmingham 020B,46.864,-1.85503,52.5355,Bicycle theft,1
E01010298,Walsall 009C,28.868,-2.01821,52.6255,Bicycle theft,1
E01009394,Birmingham 093D,23.832,-1.87264,52.4443,Bicycle theft,1
E01010288,Walsall 012C,49.864,-1.99275,52.6148,Bicycle theft,1
E01010290,Walsall 006D,31.071,-1.99795,52.6328,Bicycle theft,1
E01009441,Birmingham 021B,33.029,-1.75357,52.5243,Bicycle theft,1
E01009442,Birmingham 021C,14.197,-1.79305,52.5302,Bicycle theft,1
E01009443,Birmingham 021D,15.365,-1.78481,52.5308,Bicycle theft,1
E01009422,Birmingham 002B,7.456,-1.84062,52.5887,Bicycle theft,1
E01010309,Walsall 036B,38.723,-2.04021,52.5668,Bicycle theft,1
E01009423,Birmingham 002C,25.804,-1.8249,52.5992,Bicycle theft,1
E01010318,Walsall 024B,47.461,-1.97739,52.5913,Bicycle theft,1
E01010310,Walsall 038A,41.209,-2.04897,52.5631,Bicycle theft,1
E01010314,Walsall 038D,40.423,-2.05078,52.56,Bicycle theft,1
E01009416,Birmingham 003A,7.223,-1.80588,52.5951,Bicycle theft,1
E01010315,Walsall 038E,34.916,-2.04871,52.5559,Bicycle theft,1
E01010303,Walsall 001B,22.565,-1.94333,52.6544,Bicycle theft,1
E01009406,Birmingham 020D,47.428,-1.8577,52.5322,Bicycle theft,1
E01010324,Walsall 016D,28.372,-1.96157,52.6043,Bicycle theft,1
E01009430,Birmingham 004E,8.16,-1.83173,52.5697,Bicycle theft,1
E01010322,Walsall 016B,27.649,-1.95235,52.6065,Bicycle theft,1
E01010306,Walsall 001C,19.304,-1.94023,52.6468,Bicycle theft,1
E01010305,Walsall 002C,36.643,-1.93006,52.6509,Bicycle theft,1
E01009408,Birmingham 026B,47.224,-1.85755,52.5257,Bicycle theft,1
E01009380,Birmingham 070E,53.218,-1.85985,52.4685,Bicycle theft,1
E01010265,Walsall 033D,40.412,-2.01979,52.5732,Bicycle theft,1
E01009468,Birmingham 004F,9.695,-1.84436,52.5549,Bicycle theft,1
E01010268,Walsall 021B,41.95,-2.00101,52.5936,Bicycle theft,1
E01010267,Walsall 021A,19.187,-2.01007,52.595,Bicycle theft,1
E01009476,Birmingham 055B,57.769,-1.83393,52.4832,Bicycle theft,1
E01009477,Birmingham 055C,54.73,-1.82257,52.4822,Bicycle theft,1
E01010258,Walsall 023A,39.05,-2.02108,52.5911,Bicycle theft,1
E01009471,Birmingham 009E,14.11,-1.82468,52.5513,Bicycle theft,1
E01009474,Birmingham 010F,13.796,-1.84465,52.5476,Bicycle theft,1
E01008921,Birmingham 094C,35.266,-2.0107,52.4461,Bicycle theft,1
E01009371,Birmingham 077D,61.087,-1.87182,52.4596,Bicycle theft,1
E01009393,Birmingham 140F,38.754,-1.85915,52.445,Bicycle theft,1
E01009463,Birmingham 015D,8.274,-1.82137,52.5394,Bicycle theft,1
E01010279,Walsall 018B,42.157,-1.98217,52.6018,Bicycle theft,1
E01009389,Birmingham 093B,35.706,-1.87102,52.4488,Bicycle theft,1
E01010342,Walsall 034D,49.077,-1.9801,52.5728,Bicycle theft,1
E01010283,Walsall 013D,51.504,-1.98837,52.6107,Bicycle theft,1
E01009391,Birmingham 140D,40.879,-1.85804,52.4476,Bicycle theft,1
E01010272,Walsall 017B,54.301,-1.99558,52.607,Bicycle theft,1
E01008929,Birmingham 106C,62.762,-1.98769,52.4306,Bicycle theft,1
E01009462,Birmingham 018F,21.027,-1.83168,52.5376,Bicycle theft,1
E01010348,Walsall 005A,18.75,-1.97189,52.6275,Bicycle theft,1
E01010275,Walsall 021D,49.457,-2.00916,52.5993,Bicycle theft,1
E01010344,Walsall 034F,41.066,-1.98308,52.5691,Bicycle theft,1
E01009460,Birmingham 018E,24.875,-1.83921,52.5388,Bicycle theft,1
E01010345,Walsall 003A,12.469,-1.96707,52.6365,Bicycle theft,1
E01010471,Wolverhampton 015A,46.68,-2.10648,52.5963,Bicycle theft,1
E01010096,Sandwell 005C,42.039,-2.01385,52.5489,Bicycle theft,1
E01009639,Coventry 024D,37.321,-1.49582,52.4151,Bicycle theft,1
E01010468,Wolverhampton 026B,22.665,-2.15238,52.5728,Bicycle theft,1
E01009241,Birmingham 024D,24.596,-1.91354,52.5266,Bicycle theft,1
E01010469,Wolverhampton 026C,17.179,-2.15647,52.5723,Bicycle theft,1
E01010099,Sandwell 013E,31.127,-2.00761,52.5406,Bicycle theft,1
E01010100,Sandwell 013F,26.33,-2.02027,52.5441,Bicycle theft,1
E01008974,Birmingham 118C,20.684,-1.89696,52.4136,Bicycle theft,1
E01010473,Wolverhampton 015C,47.407,-2.10869,52.59,Bicycle theft,1
E01009649,Coventry 026A,10.686,-1.5404,52.4111,Bicycle theft,1
E01009231,Birmingham 017D,22.745,-1.8828,52.5354,Bicycle theft,1
E01010476,Wolverhampton 015E,39.922,-2.09492,52.5979,Bicycle theft,1
E01009643,Coventry 017A,11.785,-1.54211,52.4157,Bicycle theft,1
E01010474,Wolverhampton 012A,37.523,-2.08352,52.6032,Bicycle theft,1
E01010092,Sandwell 003E,33.254,-2.00545,52.5537,Bicycle theft,1
E01009634,Coventry 028B,18.781,-1.49617,52.4,Bicycle theft,1
E01009248,Birmingham 019D,24.066,-1.90026,52.5361,Bicycle theft,1
E01010457,Wolverhampton 004B,23.176,-2.09097,52.6157,Bicycle theft,1
E01010114,Solihull 009E,15.761,-1.75247,52.4674,Bicycle theft,1
E01009244,Birmingham 019C,21.978,-1.9065,52.5394,Bicycle theft,1
E01010105,Sandwell 017F,29.058,-1.97752,52.5194,Bicycle theft,1
E01009632,Coventry 020D,40.632,-1.5141,52.4139,Bicycle theft,1
E01008939,Birmingham 111E,40.022,-1.87145,52.4201,Bicycle theft,1
E01008975,Birmingham 118D,19.943,-1.9104,52.4109,Bicycle theft,1
E01010465,Wolverhampton 020C,37.006,-2.14832,52.5751,Bicycle theft,1
E01010463,Wolverhampton 020A,47.802,-2.13823,52.5767,Bicycle theft,1
E01009628,Coventry 012D,22.287,-1.52591,52.4214,Bicycle theft,1
E01010077,Sandwell 022A,40.222,-2.04491,52.5012,Bicycle theft,1
E01009214,Birmingham 126D,58.35,-1.95509,52.402,Bicycle theft,1
E01010069,Sandwell 016E,21.098,-2.04235,52.5193,Bicycle theft,1
E01009672,Coventry 040E,4.568,-1.51279,52.3747,Bicycle theft,1
E01010068,Sandwell 015C,32.635,-2.07577,52.5267,Bicycle theft,1
E01010490,Wolverhampton 028B,52.123,-2.17011,52.5681,Bicycle theft,1
E01010497,Wolverhampton 002B,7.483,-2.14452,52.6275,Bicycle theft,1
E01009208,Birmingham 124C,16.197,-1.98201,52.4025,Bicycle theft,1
E01010063,Sandwell 026D,60.387,-1.94794,52.4941,Bicycle theft,1
E01010062,Sandwell 026C,55.643,-1.9643,52.4967,Bicycle theft,1
E01009684,Coventry 026B,35.596,-1.5566,52.4096,Bicycle theft,1
E01010503,Wolverhampton 006D,41.413,-2.13667,52.6081,Bicycle theft,1
E01010498,Wolverhampton 003B,12.539,-2.15255,52.6222,Bicycle theft,1
E01010066,Sandwell 015A,51.921,-2.06393,52.5251,Bicycle theft,1
E01010064,Sandwell 026E,39.454,-1.96382,52.491,Bicycle theft,1
E01009681,Coventry 032B,16.773,-1.56264,52.4066,Bicycle theft,1
E01010482,Wolverhampton 007A,44.556,-2.11032,52.6154,Bicycle theft,1
E01009225,Birmingham 013B,38.464,-1.89977,52.5492,Bicycle theft,1
E01010483,Wolverhampton 007B,58.871,-2.11758,52.6134,Bicycle theft,1
E01010479,Wolverhampton 011B,36.002,-2.10777,52.6045,Bicycle theft,1
E01010087,Sandwell 001C,37.57,-2.01284,52.5651,Bicycle theft,1
E01009014,Birmingham 090A,38.311,-1.84173,52.4444,Bicycle theft,1
E01010481,Wolverhampton 004D,43.291,-2.10661,52.6152,Bicycle theft,1
E01009219,Birmingham 120E,34.897,-1.96863,52.4137,Bicycle theft,1
E01010487,Wolverhampton 021A,9.803,-2.16721,52.5734,Bicycle theft,1
E01009218,Birmingham 120D,23.74,-1.95881,52.4158,Bicycle theft,1
E01010082,Sandwell 022E,17.958,-2.0464,52.5073,Bicycle theft,1
E01009222,Birmingham 008B,52.312,-1.89546,52.5545,Bicycle theft,1
E01009659,Coventry 016C,43.073,-1.48511,52.4147,Bicycle theft,1
E01009221,Birmingham 007A,29.954,-1.88245,52.5563,Bicycle theft,1
E01010486,Wolverhampton 011D,53.015,-2.11538,52.6066,Bicycle theft,1
E01010425,Wolverhampton 023D,32.269,-2.07787,52.58,Bicycle theft,1
E01010161,Solihull 012E,11.134,-1.79886,52.4415,Bicycle theft,1
E01010160,Solihull 012D,19.492,-1.79311,52.4438,Bicycle theft,1
E01009293,Birmingham 100D,23.215,-1.92154,52.4374,Bicycle theft,1
E01008981,Birmingham 110D,21.275,-1.89741,52.4295,Bicycle theft,1
E01010430,Wolverhampton 035D,43.265,-2.1189,52.5667,Bicycle theft,1
E01009576,Coventry 008A,23.773,-1.44958,52.4353,Bicycle theft,1
E01009282,Birmingham 100B,37.399,-1.92251,52.4327,Bicycle theft,1
E01009571,Coventry 015C,54.441,-1.49045,52.4262,Bicycle theft,1
E01009288,Birmingham 100C,23.574,-1.91974,52.4434,Bicycle theft,1
E01010428,Wolverhampton 035B,38.045,-2.12481,52.5707,Bicycle theft,1
E01009303,Birmingham 057E,46.272,-1.76862,52.4759,Bicycle theft,1
E01009302,Birmingham 069A,32.789,-1.76086,52.4733,Bicycle theft,1
E01009304,Birmingham 046A,46.1,-1.77463,52.4988,Bicycle theft,1
E01010184,Solihull 028B,14.926,-1.76089,52.3828,Bicycle theft,1
E01010411,Wolverhampton 033B,27.677,-2.05668,52.5513,Bicycle theft,1
E01010183,Solihull 029D,7.956,-1.8039,52.3758,Bicycle theft,1
E01009006,Birmingham 023C,34.044,-1.84248,52.5314,Bicycle theft,1
E01010416,Wolverhampton 027C,64.145,-2.06774,52.5679,Bicycle theft,1
E01009298,Birmingham 054D,52.592,-1.78749,52.4827,Bicycle theft,1
E01009562,Coventry 040C,11.531,-1.49945,52.3853,Bicycle theft,1
E01009563,Coventry 040D,2.717,-1.51201,52.3828,Bicycle theft,1
E01009296,Birmingham 100E,30.163,-1.91616,52.4387,Bicycle theft,1
E01008913,Birmingham 050B,67.372,-1.89721,52.4959,Bicycle theft,1
E01010128,Solihull 008D,42.811,-1.72437,52.4746,Bicycle theft,1
E01010127,Solihull 008C,33.044,-1.72863,52.4853,Bicycle theft,1
E01008936,Birmingham 111C,34.584,-1.88353,52.4253,Bicycle theft,1
E01009609,Coventry 005D,34.203,-1.4866,52.4334,Bicycle theft,1
E01010131,Solihull 008F,53.649,-1.73113,52.4728,Bicycle theft,1
E01008977,Birmingham 123A,36.782,-1.91704,52.414,Bicycle theft,1
E01010448,Wolverhampton 018F,43.613,-2.09527,52.5802,Bicycle theft,1
E01010129,Solihull 006B,53.819,-1.74387,52.4765,Bicycle theft,1
E01010119,Solihull 003B,8.817,-1.7618,52.5063,Bicycle theft,1
E01009255,Birmingham 080E,31.549,-1.98733,52.4536,Bicycle theft,1
E01010454,Wolverhampton 035G,37.888,-2.1194,52.5758,Bicycle theft,1
E01010124,Solihull 003D,11.351,-1.76855,52.5034,Bicycle theft,1
E01008909,Birmingham 041D,45.386,-1.90218,52.4988,Bicycle theft,1
E01010452,Wolverhampton 029D,38.901,-2.107,52.5701,Bicycle theft,1
E01010121,Solihull 001C,12.429,-1.77915,52.504,Bicycle theft,1
E01009257,Birmingham 080F,48.577,-1.99468,52.4549,Bicycle theft,1
E01008935,Birmingham 111B,60.175,-1.87358,52.4244,Bicycle theft,1
E01010145,Solihull 005A,24.46,-1.74483,52.4926,Bicycle theft,1
E01009584,Coventry 007D,35.464,-1.45566,52.4468,Bicycle theft,1
E01010439,Wolverhampton 001E,38.264,-2.10748,52.628,Bicycle theft,1
E01010146,Solihull 004A,39.487,-1.7517,52.4967,Bicycle theft,1
E01010149,Solihull 005D,27.206,-1.75634,52.487,Bicycle theft,1
E01010434,Wolverhampton 001A,27.242,-2.12263,52.6181,Bicycle theft,1
E01010147,Solihull 005B,54.083,-1.75105,52.4905,Bicycle theft,1
E01010142,Solihull 007B,64.431,-1.75389,52.4831,Bicycle theft,1
E01010440,Wolverhampton 001F,45.687,-2.11766,52.6257,Bicycle theft,1
E01010446,Wolverhampton 023E,37.802,-2.08252,52.5836,Bicycle theft,1
E01008910,Birmingham 050A,50.158,-1.88796,52.4969,Bicycle theft,1
E01010445,Wolverhampton 018D,58.022,-2.10117,52.589,Bicycle theft,1
E01010133,Solihull 011B,15.371,-1.78016,52.4468,Bicycle theft,1
E01010441,Wolverhampton 001G,41.822,-2.10967,52.6211,Bicycle theft,1
E01010139,Solihull 006C,31.277,-1.73782,52.489,Bicycle theft,1
E01010442,Wolverhampton 018A,42.871,-2.10308,52.5768,Bicycle theft,1
E01009273,Birmingham 034E,43.533,-1.9468,52.5098,Bicycle theft,1
E01009591,Coventry 002B,19.228,-1.51934,52.4498,Bicycle theft,1
